Hour,DayOfWeek,IsHoliday,TrafficVolume
0,6,0,355
1,3,0,226
2,4,0,200
3,6,1,303
4,2,0,165
5,4,0,167
6,4,0,156
7,6,0,344
8,1,0,1185
9,2,0,1190
10,6,1,643
11,2,0,791
12,2,0,756
13,4,0,764
14,3,0,809
15,2,0,789
16,5,0,782
17,4,0,1786
18,1,0,1315
19,3,0,1304
20,5,0,376
21,5,0,394
22,1,0,229
23,3,0,205
0,4,0,193
1,0,0,206
2,3,0,155
3,1,0,241
4,5,0,331
5,4,0,223
6,3,0,167
7,0,0,1217
8,0,0,1222
9,2,0,1156
10,2,0,757
11,6,0,763
12,1,0,756
13,3,0,790
14,3,0,789
15,6,0,702
16,5,0,716
17,5,0,765
18,6,0,778
19,5,0,392
20,2,0,201
21,3,0,171
22,6,0,303
23,3,0,155
0,0,0,187
1,2,0,175
2,4,0,160
3,2,0,239
4,6,0,316
5,4,0,237
6,0,0,241
7,6,0,398
8,1,0,1180
9,3,0,1226
10,0,0,784
11,3,0,765
12,5,0,778
13,1,0,767
14,1,0,811
15,0,0,776
16,1,0,1284
17,4,0,1794
18,1,0,1284
19,3,0,1277
20,3,0,158
21,6,0,375
22,3,0,164
23,6,0,320
0,3,0,201
1,4,0,184
2,6,0,396
3,2,0,200
4,5,0,382
5,0,0,204
6,3,0,236
7,1,0,1226
8,3,0,1193
9,1,0,1214
10,5,1,642
11,5,0,787
12,5,0,779
13,1,0,774
14,3,0,836
15,5,0,791
16,4,0,1796
17,6,0,779
18,1,0,1305
19,1,0,1287
20,3,0,160
21,1,0,216
22,1,0,164
23,5,0,300
0,3,0,156
1,5,0,300
2,6,0,348
3,6,0,395
4,5,0,372
5,6,0,328
6,3,0,175
7,0,0,1236
8,5,0,344
9,4,1,342
10,4,0,846
11,1,0,820
12,6,0,711
13,4,0,844
14,1,0,781
15,0,0,769
16,3,0,1300
17,3,0,1330
18,3,0,1285
19,4,0,1816
20,0,0,150
21,4,0,676
22,6,0,339
23,4,0,246
0,0,0,233
1,0,0,163
2,6,0,399
3,0,0,218
4,0,0,236
5,3,0,228
6,6,0,305
7,2,0,1182
8,2,0,1204
9,0,0,1168
10,2,0,826
11,2,0,778
12,0,0,810
13,2,0,819
14,4,0,828
15,1,0,829
16,6,0,723
17,1,0,1272
18,0,0,1259
19,3,0,1303
20,6,0,340
21,0,0,198
22,3,0,166
23,1,0,205
0,0,0,194
1,6,0,329
2,6,0,343
3,5,0,373
4,4,0,204
5,2,0,168
6,3,0,178
7,5,0,301
8,2,0,1185
9,2,0,1168
10,0,0,756
11,2,0,775
12,4,0,828
13,6,0,737
14,5,0,702
15,2,0,829
16,0,0,1315
17,4,0,1844
18,1,1,341
19,6,0,370
20,6,0,393
21,5,0,342
22,6,0,361
23,2,0,220
0,0,0,249
1,6,0,392
2,6,0,323
3,1,0,188
4,1,0,217
5,3,0,242
6,4,0,193
7,2,0,1154
8,6,0,354
9,6,0,392
10,0,0,779
11,3,0,778
12,4,0,775
13,3,0,832
14,5,0,725
15,4,1,586
16,6,0,790
17,6,0,793
18,4,0,1802
19,6,0,329
20,2,0,152
21,4,0,692
22,3,1,256
23,4,0,198
0,6,0,372
1,2,0,190
2,2,0,226
3,5,0,378
4,3,1,303
5,1,0,218
6,1,0,242
7,4,1,348
8,5,0,390
9,0,0,1176
10,4,0,757
11,5,0,731
12,3,0,833
13,3,0,813
14,3,0,759
15,3,0,762
16,3,0,1312
17,5,0,792
18,5,0,734
19,2,0,1310
20,1,0,203
21,6,0,307
22,3,0,178
23,0,0,244
0,6,0,340
1,5,0,329
2,0,0,235
3,0,0,170
4,0,0,225
5,2,0,160
6,5,0,301
7,0,0,1199
8,3,0,1190
9,4,0,1215
10,0,0,847
11,2,0,752
12,6,0,779
13,5,0,750
14,2,0,817
15,0,0,836
16,5,0,783
17,4,0,1774
18,0,0,1279
19,2,0,1331
20,1,0,160
21,3,0,242
22,6,0,316
23,2,0,175
0,5,0,322
1,0,0,205
2,3,0,201
3,0,0,197
4,5,0,319
5,0,0,151
6,1,0,237
7,3,0,1180
8,3,0,1176
9,5,0,301
10,6,0,777
11,1,0,753
12,2,0,762
13,0,0,849
14,4,0,784
15,0,0,821
16,0,0,1315
17,2,0,1255
18,0,0,1280
19,1,0,1259
20,1,0,170
21,3,0,223
22,5,0,322
23,6,0,302
0,4,1,281
1,0,0,169
2,0,0,223
3,2,0,178
4,5,0,351
5,1,0,195
6,4,0,183
7,3,0,1233
8,1,0,1210
9,5,0,371
10,6,0,770
11,3,0,819
12,6,0,710
13,2,0,831
14,2,0,842
15,0,0,838
16,6,0,762
17,5,0,720
18,4,0,1752
19,3,0,1331
20,1,0,237
21,5,0,309
22,5,0,326
23,2,0,161
0,6,0,306
1,0,0,166
2,0,0,214
3,3,0,213
4,2,0,175
5,5,0,314
6,4,1,282
7,2,0,1211
8,3,0,1196
9,3,0,1244
10,2,0,784
11,3,0,814
12,2,0,821
13,1,0,825
14,2,0,832
15,6,0,724
16,2,0,1306
17,3,0,1281
18,6,0,762
19,3,0,1261
20,0,0,212
21,0,0,226
22,6,0,391
23,1,0,150
0,0,0,200
1,2,0,219
2,3,0,157
3,0,0,217
4,0,0,154
5,1,0,238
6,6,0,385
7,6,0,391
8,5,0,338
9,1,0,1172
10,2,0,817
11,6,0,751
12,3,0,753
13,1,0,796
14,0,0,770
15,3,0,805
16,3,0,1315
17,0,0,1308
18,1,0,1256
19,0,0,1298
20,5,0,315
21,3,0,166
22,4,0,233
23,4,0,236
0,2,0,247
1,6,0,374
2,0,0,183
3,0,0,182
4,2,0,175
5,2,0,215
6,2,0,212
7,3,0,1236
8,5,0,340
9,0,0,1235
10,3,0,807
11,2,0,847
12,0,0,828
13,3,0,759
14,5,0,714
15,3,0,791
16,5,0,792
17,2,0,1306
18,5,0,786
19,0,0,1266
20,2,0,209
21,0,0,158
22,4,0,185
23,1,0,222
0,5,0,379
1,1,0,185
2,1,0,197
3,5,0,350
4,2,0,246
5,4,0,244
6,0,0,219
7,3,0,1223
8,0,0,1229
9,3,0,1217
10,0,0,771
11,5,0,776
12,4,0,829
13,3,0,842
14,6,0,705
15,2,0,775
16,0,0,1324
17,0,0,1337
18,3,0,1342
19,2,0,1252
20,2,0,201
21,5,0,373
22,6,0,359
23,5,0,362
0,5,0,364
1,5,0,351
2,5,0,389
3,5,0,375
4,4,0,163
5,2,0,238
6,5,0,371
7,2,0,1217
8,2,0,1177
9,1,0,1220
10,4,0,759
11,5,1,606
12,0,0,849
13,3,0,815
14,6,0,789
15,0,0,799
16,4,0,1763
17,3,0,1265
18,4,0,1803
19,2,0,1292
20,3,0,191
21,2,0,230
22,0,0,171
23,0,0,217
0,3,0,168
1,3,0,215
2,5,0,338
3,4,0,222
4,5,1,268
5,4,0,165
6,5,0,353
7,2,0,1174
8,3,0,1167
9,0,0,1172
10,4,0,834
11,4,0,760
12,0,0,788
13,5,0,767
14,4,0,774
15,6,0,762
16,2,0,1345
17,3,0,1279
18,0,0,1294
19,3,0,1339
20,6,0,360
21,4,0,749
22,4,0,200
23,6,0,397
0,0,0,158
1,2,0,225
2,1,0,151
3,0,0,154
4,1,0,211
5,6,0,368
6,5,0,351
7,1,0,1235
8,2,0,1154
9,5,0,358
10,1,0,817
11,6,0,708
12,5,0,792
13,6,0,721
14,1,0,776
15,6,0,709
16,2,0,1329
17,1,0,1310
18,1,0,1300
19,1,0,1259
20,0,0,155
21,0,1,311
22,0,0,154
23,2,0,219
0,5,1,312
1,6,0,355
2,4,0,208
3,1,0,212
4,6,0,388
5,1,0,208
6,2,0,200
7,1,0,1199
8,0,0,1153
9,4,0,1197
10,3,0,781
11,1,0,800
12,6,0,751
13,0,0,848
14,3,0,823
15,4,0,783
16,3,0,1285
17,0,0,1319
18,5,0,742
19,5,0,315
20,3,0,208
21,2,0,202
22,6,0,318
23,6,0,397
0,3,0,238
1,1,0,244
2,1,0,190
3,6,0,380
4,6,0,346
5,5,0,393
6,2,0,203
7,0,0,1204
8,1,0,1244
9,6,0,318
10,5,0,761
11,4,0,848
12,5,0,792
13,1,0,808
14,1,0,814
15,5,0,767
16,0,0,1277
17,3,0,1267
18,1,0,1275
19,5,0,318
20,6,0,354
21,5,0,356
22,2,0,155
23,3,0,150
0,4,0,157
1,0,0,246
2,4,0,200
3,3,0,234
4,3,0,237
5,3,0,174
6,4,0,196
7,6,0,354
8,3,0,1213
9,5,0,382
10,4,0,842
11,3,0,759
12,5,0,755
13,6,0,711
14,2,0,782
15,6,0,770
16,3,0,1266
17,4,0,1810
18,1,0,1259
19,3,0,1280
20,1,0,209
21,5,0,369
22,2,0,166
23,0,0,199
0,6,0,336
1,2,0,231
2,3,0,211
3,1,0,239
4,6,0,379
5,1,1,321
6,4,0,237
7,1,0,1226
8,4,0,1178
9,5,0,331
10,6,0,787
11,6,0,779
12,0,0,760
13,3,0,845
14,4,0,755
15,0,0,784
16,1,0,1282
17,1,0,1267
18,0,0,1286
19,6,0,312
20,1,0,223
21,5,0,389
22,5,0,380
23,0,0,213
0,4,0,150
1,4,0,212
2,0,0,238
3,4,0,183
4,6,0,309
5,6,0,383
6,4,0,156
7,5,0,355
8,4,0,1229
9,6,0,336
10,2,0,778
11,3,0,761
12,1,0,766
13,2,0,797
14,4,0,833
15,5,0,725
16,0,0,1332
17,4,0,1761
18,5,0,720
19,3,0,1291
20,4,0,710
21,6,0,357
22,0,0,203
23,5,0,333
0,5,0,306
1,5,0,334
2,3,0,164
3,4,0,214
4,3,0,239
5,1,0,248
6,1,0,174
7,4,0,1208
8,6,0,378
9,3,0,1235
10,0,0,755
11,5,0,751
12,5,0,778
13,4,0,837
14,6,0,720
15,1,0,820
16,1,0,1342
17,5,0,795
18,4,0,1781
19,3,0,1302
20,1,0,208
21,3,0,218
22,6,0,361
23,1,0,153
0,1,0,235
1,2,0,167
2,1,0,248
3,0,0,230
4,4,0,205
5,4,0,173
6,3,0,215
7,6,0,312
8,1,0,1211
9,0,0,1203
10,3,0,764
11,2,0,818
12,3,0,752
13,3,0,786
14,1,0,786
15,2,1,552
16,3,0,1312
17,0,0,1284
18,0,0,1301
19,4,0,1836
20,2,0,177
21,2,0,243
22,4,0,167
23,3,0,185
0,2,0,182
1,0,0,213
2,0,0,175
3,1,0,197
4,2,0,189
5,3,0,166
6,4,0,189
7,4,0,1156
8,3,0,1206
9,6,0,307
10,5,0,755
11,1,0,780
12,4,0,808
13,2,0,807
14,1,0,761
15,2,0,797
16,6,0,730
17,0,0,1332
18,1,0,1312
19,4,0,1823
20,1,0,188
21,1,0,225
22,1,0,169
23,5,0,347
0,1,0,220
1,2,0,203
2,0,0,227
3,6,0,374
4,3,0,220
5,1,1,278
6,4,0,223
7,1,0,1242
8,4,0,1222
9,2,0,1249
10,4,0,797
11,3,0,823
12,0,0,832
13,4,0,805
14,4,0,844
15,0,0,766
16,3,0,1258
17,1,0,1346
18,4,0,1783
19,0,0,1294
20,2,0,237
21,0,0,158
22,2,0,156
23,3,0,165
0,1,0,168
1,0,0,155
2,6,0,310
3,6,0,375
4,5,0,360
5,4,0,191
6,3,0,162
7,0,0,1161
8,6,0,384
9,4,0,1223
10,6,0,719
11,0,1,599
12,2,0,785
13,0,0,841
14,5,0,787
15,0,0,818
16,0,0,1286
17,5,0,711
18,3,0,1348
19,0,0,1289
20,5,0,353
21,4,0,651
22,2,0,199
23,2,0,190
0,0,1,294
1,3,0,158
2,3,0,211
3,4,0,235
4,0,0,196
5,2,1,254
6,3,0,225
7,0,0,1150
8,6,0,343
9,3,0,1171
10,5,0,737
11,6,0,718
12,3,0,829
13,2,0,780
14,1,0,816
15,6,0,786
16,4,0,1791
17,4,0,1831
18,2,0,1275
19,3,0,1262
20,0,1,307
21,3,0,167
22,2,0,216
23,4,0,236
0,3,0,152
1,4,0,204
2,6,0,388
3,0,0,240
4,6,1,307
5,4,0,212
6,4,0,240
7,1,0,1201
8,1,0,1238
9,6,0,323
10,5,0,771
11,6,0,708
12,1,0,786
13,4,0,843
14,2,0,832
15,6,0,752
16,4,0,1829
17,2,0,1273
18,2,0,1270
19,1,0,1349
20,6,0,339
21,3,0,211
22,0,0,219
23,1,0,218
0,1,0,163
1,3,0,191
2,0,0,199
3,4,0,210
4,5,0,303
5,6,0,371
6,5,0,387
7,4,0,1224
8,1,0,1166
9,0,1,334
10,1,0,806
11,2,0,839
12,1,0,797
13,1,0,793
14,4,0,794
15,4,0,840
16,4,0,1829
17,5,0,789
18,2,0,1282
19,4,0,1780
20,0,0,196
21,5,0,305
22,3,0,221
23,0,0,220
0,6,0,333
1,6,0,352
2,0,0,163
3,4,0,165
4,3,0,192
5,3,0,222
6,5,0,373
7,3,0,1230
8,6,1,261
9,2,0,1219
10,4,0,768
11,3,0,790
12,5,0,752
13,6,0,728
14,2,0,819
15,1,0,808
16,1,0,1338
17,2,0,1313
18,6,0,723
19,5,0,388
20,2,0,165
21,4,0,701
22,4,0,229
23,1,0,155
0,3,0,186
1,5,0,384
2,1,0,153
3,3,0,247
4,3,0,241
5,4,0,187
6,6,0,340
7,0,0,1241
8,6,0,380
9,0,0,1163
10,2,0,820
11,4,0,835
12,3,0,800
13,5,0,764
14,0,0,842
15,6,0,751
16,3,0,1344
17,0,0,1279
18,0,0,1306
19,0,0,1328
20,5,0,381
21,4,0,748
22,5,0,329
23,1,0,247
0,3,0,191
1,4,0,160
2,4,0,176
3,4,0,173
4,6,0,398
5,4,0,188
6,5,0,371
7,4,1,267
8,2,0,1226
9,3,0,1194
10,4,0,837
11,3,0,836
12,2,0,761
13,2,0,798
14,3,0,843
15,0,0,780
16,1,0,1341
17,6,0,721
18,0,0,1293
19,0,0,1341
20,5,0,363
21,6,0,376
22,6,0,324
23,0,0,200
0,4,0,156
1,5,0,305
2,5,0,323
3,2,0,168
4,6,0,382
5,0,0,249
6,2,0,158
7,3,0,1185
8,1,0,1189
9,5,0,392
10,3,0,773
11,3,0,797
12,4,0,812
13,1,0,818
14,3,0,802
15,3,0,803
16,1,0,1291
17,1,0,1294
18,3,0,1339
19,1,0,1263
20,3,0,178
21,3,0,155
22,4,0,156
23,0,0,186
0,3,0,202
1,2,0,167
2,5,0,386
3,6,0,337
4,0,0,208
5,0,0,150
6,0,0,217
7,4,0,1193
8,3,0,1196
9,4,0,1184
10,3,0,836
11,4,0,840
12,4,0,809
13,5,1,639
14,2,0,801
15,4,1,557
16,5,0,779
17,1,0,1290
18,2,0,1252
19,4,0,1845
20,6,0,368
21,0,0,233
22,1,0,163
23,1,0,245
0,5,0,325
1,1,0,219
2,2,0,207
3,4,0,249
4,4,0,189
5,6,0,350
6,0,0,154
7,5,0,376
8,0,0,1181
9,1,0,1229
10,6,0,700
11,0,0,826
12,2,0,803
13,4,0,760
14,1,0,802
15,6,0,707
16,0,0,1274
17,5,0,739
18,2,0,1281
19,2,0,1337
20,0,0,177
21,4,0,727
22,0,0,152
23,1,0,249
0,0,0,240
1,2,0,233
2,6,0,378
3,0,0,211
4,4,0,176
5,6,0,344
6,5,0,391
7,3,0,1174
8,0,0,1210
9,4,0,1193
10,6,0,796
11,4,0,795
12,5,0,713
13,2,0,757
14,4,0,797
15,6,0,713
16,4,0,1814
17,4,0,1829
18,4,0,1831
19,1,0,1256
20,1,0,228
21,2,0,237
22,0,0,198
23,4,0,204
0,5,0,312
1,0,0,222
2,5,0,355
3,0,0,205
4,2,0,164
5,4,0,206
6,4,0,207
7,3,0,1184
8,5,0,387
9,0,0,1246
10,0,0,765
11,1,0,757
12,3,0,842
13,6,0,786
14,6,0,744
15,1,0,844
16,1,0,1289
17,1,0,1303
18,5,0,713
19,5,0,358
20,2,0,243
21,2,0,202
22,1,0,176
23,3,0,196
0,0,0,229
1,5,0,305
2,3,0,204
3,4,0,246
4,5,0,343
5,5,0,317
6,2,0,165
7,0,0,1161
8,0,0,1169
9,6,1,294
10,6,0,763
11,6,0,758
12,6,0,792
13,4,0,843
14,4,0,839
15,5,0,721
16,1,0,1346
17,2,0,1296
18,2,0,1278
19,6,0,385
20,5,0,344
21,3,0,226
22,1,0,158
23,5,0,323
0,1,0,164
1,1,0,185
2,1,0,162
3,5,0,390
4,6,0,343
5,2,0,220
6,2,0,221
7,6,0,377
8,1,0,1225
9,3,0,1185
10,0,0,810
11,5,0,780
12,0,0,789
13,6,0,792
14,3,0,776
15,5,0,700
16,6,0,733
17,1,0,1317
18,2,0,1337
19,0,0,1270
20,4,0,682
21,4,0,656
22,3,0,214
23,1,0,152
0,0,0,200
1,1,0,228
2,0,0,244
3,3,0,203
4,3,0,229
5,4,0,223
6,1,0,242
7,5,0,358
8,4,0,1155
9,1,0,1178
10,4,0,766
11,5,0,759
12,2,0,771
13,2,0,773
14,2,0,830
15,2,0,834
16,6,0,750
17,0,0,1299
18,6,0,710
19,6,0,355
20,6,0,370
21,2,0,191
22,5,0,338
23,3,0,218
0,3,0,197
1,0,0,206
2,2,0,170
3,2,0,231
4,2,0,248
5,4,0,169
6,1,0,164
7,4,0,1218
8,1,0,1226
9,2,0,1200
10,2,0,825
11,4,0,811
12,4,0,834
13,1,0,786
14,3,0,755
15,1,0,820
16,4,0,1775
17,5,0,707
18,4,0,1822
19,5,0,390
20,0,0,153
21,4,0,670
22,0,0,180
23,3,0,170
0,1,0,174
1,5,0,314
2,1,0,184
3,0,0,198
4,5,0,342
5,1,0,190
6,4,0,186
7,2,0,1206
8,0,0,1191
9,1,0,1196
10,0,0,841
11,6,0,760
12,0,0,763
13,5,0,767
14,6,0,752
15,5,0,783
16,2,0,1283
17,6,0,775
18,4,0,1846
19,0,0,1273
20,1,0,169
21,3,0,218
22,0,0,179
23,0,0,237
0,2,0,156
1,4,0,185
2,3,1,287
3,6,0,379
4,6,0,351
5,6,0,314
6,5,0,345
7,5,0,322
8,1,0,1161
9,3,0,1242
10,6,0,743
11,5,0,714
12,1,0,842
13,4,0,798
14,1,0,770
15,5,0,714
16,2,0,1263
17,2,0,1291
18,6,0,779
19,2,0,1264
20,6,0,362
21,6,0,367
22,5,0,326
23,2,0,236
0,6,0,392
1,3,0,202
2,4,0,201
3,1,0,212
4,1,0,222
5,5,0,352
6,2,0,206
7,2,0,1201
8,6,0,342
9,0,0,1156
10,6,0,741
11,4,0,753
12,3,0,818
13,1,0,754
14,6,0,774
15,0,0,841
16,0,0,1329
17,6,0,740
18,5,0,793
19,1,0,1253
20,5,0,301
21,3,0,216
22,0,0,170
23,0,0,219
0,4,0,192
1,3,0,231
2,0,0,218
3,3,0,158
4,1,0,233
5,2,0,177
6,0,0,175
7,4,0,1231
8,1,0,1232
9,6,0,302
10,3,0,822
11,6,0,799
12,5,0,794
13,1,0,798
14,6,0,716
15,0,0,812
16,3,0,1304
17,2,0,1272
18,1,0,1283
19,0,0,1318
20,4,0,664
21,5,0,346
22,3,0,152
23,1,0,232
0,1,0,177
1,2,0,152
2,2,0,153
3,4,0,237
4,5,0,330
5,4,0,194
6,0,0,208
7,0,0,1194
8,4,0,1224
9,5,0,336
10,4,0,814
11,5,0,708
12,5,0,716
13,6,0,764
14,3,0,752
15,5,0,725
16,2,0,1302
17,5,0,730
18,5,0,725
19,5,1,272
20,6,0,329
21,6,0,309
22,0,0,221
23,6,0,388
0,2,0,213
1,2,0,171
2,6,0,314
3,4,0,205
4,3,0,223
5,6,0,319
6,5,0,346
7,1,0,1236
8,3,0,1202
9,3,0,1202
10,2,0,750
11,3,0,751
12,6,1,607
13,5,0,718
14,5,0,761
15,0,0,827
16,5,0,771
17,5,0,711
18,2,0,1275
19,5,0,326
20,0,0,178
21,1,0,164
22,6,1,295
23,2,0,150
0,1,0,209
1,2,0,241
2,4,0,206
3,3,0,152
4,4,0,167
5,5,0,351
6,1,0,209
7,5,0,333
8,3,0,1245
9,2,0,1242
10,3,0,838
11,0,0,809
12,3,0,775
13,0,0,821
14,3,0,768
15,6,0,721
16,0,0,1342
17,1,0,1282
18,5,0,737
19,5,0,334
20,4,0,716
21,5,0,382
22,2,0,159
23,6,0,390
0,3,0,164
1,4,0,160
2,2,0,239
3,2,0,173
4,0,0,226
5,5,0,395
6,1,0,153
7,1,0,1162
8,4,0,1222
9,6,0,356
10,1,0,847
11,3,0,786
12,1,0,797
13,4,0,820
14,1,0,750
15,3,0,809
16,0,0,1261
17,6,0,720
18,4,0,1760
19,0,0,1293
20,0,0,207
21,0,0,193
22,2,0,227
23,6,1,347
0,5,0,333
1,6,0,324
2,2,0,153
3,5,0,363
4,6,0,389
5,0,0,165
6,4,0,159
7,5,0,365
8,3,0,1184
9,3,0,1232
10,1,0,755
11,5,0,718
12,4,0,808
13,2,0,802
14,0,0,757
15,1,0,827
16,3,0,1259
17,2,0,1316
18,2,0,1287
19,0,0,1278
20,5,0,314
21,3,0,236
22,4,0,172
23,2,0,231
0,0,0,195
1,4,0,232
2,5,0,327
3,3,0,175
4,5,1,259
5,2,0,196
6,4,0,153
7,4,1,304
8,4,0,1215
9,2,0,1216
10,2,0,756
11,5,0,754
12,1,0,829
13,5,0,730
14,3,0,823
15,0,0,768
16,4,0,1777
17,1,0,1330
18,0,0,1277
19,1,0,1268
20,6,0,386
21,5,0,319
22,2,0,162
23,4,0,226
0,5,0,342
1,0,0,160
2,6,0,347
3,6,0,314
4,6,0,316
5,0,0,203
6,0,0,199
7,0,0,1177
8,0,0,1232
9,6,0,303
10,6,0,721
11,1,0,835
12,5,0,738
13,4,0,783
14,2,0,846
15,6,0,743
16,2,0,1291
17,5,0,739
18,5,0,796
19,2,0,1261
20,6,0,301
21,2,0,177
22,1,0,223
23,3,0,235
0,6,0,380
1,6,1,339
2,4,0,216
3,0,0,220
4,3,0,221
5,5,0,383
6,6,0,375
7,2,0,1248
8,3,1,330
9,4,0,1241
10,5,0,709
11,0,0,835
12,0,0,806
13,4,0,846
14,4,0,835
15,2,0,786
16,6,0,776
17,0,0,1340
18,5,0,763
19,3,0,1328
20,5,0,385
21,1,0,243
22,1,0,189
23,4,0,247
0,2,0,209
1,1,0,247
2,0,0,197
3,5,0,398
4,5,0,318
5,4,1,321
6,6,0,332
7,6,0,343
8,3,0,1241
9,4,0,1186
10,3,0,838
11,6,0,735
12,4,0,830
13,4,0,837
14,4,0,770
15,6,0,701
16,3,0,1280
17,3,0,1346
18,4,0,1779
19,1,0,1325
20,2,0,193
21,6,0,311
22,2,0,200
23,2,1,298
0,3,0,173
1,3,0,173
2,1,0,209
3,2,0,160
4,2,0,162
5,4,0,240
6,3,0,221
7,2,0,1223
8,5,0,371
9,1,0,1213
10,5,0,719
11,5,1,621
12,6,0,772
13,6,0,770
14,1,0,827
15,5,0,727
16,2,0,1251
17,3,1,292
18,1,0,1257
19,4,0,1762
20,5,0,384
21,1,0,241
22,0,0,184
23,0,0,172
0,6,0,345
1,3,1,264
2,2,0,151
3,3,0,210
4,3,0,225
5,3,0,213
6,3,0,201
7,4,0,1185
8,4,0,1216
9,6,0,368
10,1,0,816
11,0,0,796
12,3,0,832
13,6,0,701
14,1,0,793
15,0,0,813
16,5,0,780
17,2,0,1327
18,4,0,1777
19,5,0,390
20,0,0,203
21,5,0,373
22,2,0,216
23,6,0,335
0,0,0,212
1,5,0,324
2,4,1,335
3,4,0,197
4,1,0,188
5,5,0,346
6,3,0,243
7,5,0,320
8,6,0,329
9,0,0,1241
10,0,0,780
11,6,0,725
12,5,0,721
13,6,0,720
14,2,0,750
15,6,0,736
16,4,0,1826
17,6,0,784
18,0,0,1295
19,4,0,1758
20,0,0,166
21,1,0,196
22,3,0,234
23,0,0,244
0,4,0,208
1,1,0,203
2,0,0,235
3,2,0,161
4,6,0,363
5,3,0,155
6,0,0,202
7,1,0,1165
8,2,0,1239
9,5,0,304
10,1,0,822
11,6,0,745
12,1,0,763
13,2,0,793
14,1,0,812
15,2,0,843
16,0,0,1301
17,2,0,1275
18,2,0,1302
19,3,0,1278
20,2,0,168
21,2,0,196
22,5,0,307
23,0,0,172
0,6,0,334
1,3,0,244
2,5,0,352
3,4,0,248
4,0,0,245
5,0,0,207
6,4,1,254
7,6,0,315
8,2,0,1166
9,5,0,331
10,1,0,845
11,3,0,801
12,1,0,769
13,4,1,615
14,0,0,833
15,6,0,781
16,0,0,1250
17,3,0,1307
18,0,0,1342
19,0,0,1342
20,3,0,232
21,5,0,343
22,5,0,305
23,3,0,199
0,6,0,371
1,4,0,237
2,0,0,169
3,6,0,313
4,0,0,154
5,4,0,190
6,5,0,339
7,6,0,333
8,2,0,1229
9,2,0,1194
10,2,0,820
11,5,0,779
12,5,0,770
13,4,0,776
14,0,0,827
15,4,0,827
16,4,0,1793
17,5,0,732
18,2,0,1282
19,1,0,1293
20,0,0,169
21,5,0,335
22,2,0,156
23,6,0,331
0,1,0,216
1,1,0,188
2,5,0,392
3,3,0,173
4,0,0,235
5,1,0,219
6,5,0,387
7,5,0,386
8,2,0,1203
9,6,0,337
10,3,0,823
11,0,0,829
12,4,0,824
13,6,0,731
14,6,0,744
15,2,0,810
16,1,0,1319
17,1,0,1337
18,2,0,1346
19,5,0,352
20,1,0,200
21,3,0,225
22,0,0,205
23,6,0,326
0,6,0,337
1,3,0,211
2,1,0,167
3,6,0,363
4,4,1,326
5,0,0,179
6,0,0,198
7,6,0,340
8,2,0,1162
9,6,0,333
10,2,0,849
11,6,0,793
12,4,0,774
13,5,0,765
14,0,0,849
15,6,0,717
16,4,0,1754
17,2,0,1268
18,2,0,1291
19,0,1,267
20,3,0,181
21,6,0,320
22,1,0,159
23,2,0,186
0,5,0,348
1,5,0,385
2,2,0,162
3,3,0,204
4,3,0,166
5,4,0,158
6,5,0,387
7,4,0,1193
8,5,0,377
9,6,0,345
10,6,0,707
11,1,0,786
12,6,0,718
13,1,0,812
14,6,0,791
15,0,0,795
16,6,1,643
17,4,0,1820
18,2,0,1275
19,4,0,1795
20,2,0,195
21,3,0,224
22,4,0,163
23,3,0,234
0,1,0,212
1,1,0,221
2,0,0,152
3,6,0,327
4,4,0,178
5,3,0,236
6,2,0,167
7,1,0,1184
8,6,0,376
9,1,0,1225
10,2,0,796
11,6,0,704
12,6,0,774
13,3,0,808
14,3,0,824
15,4,0,808
16,4,0,1796
17,5,0,794
18,5,0,794
19,0,0,1262
20,1,0,227
21,4,0,738
22,3,0,182
23,2,0,246
0,3,0,211
1,1,0,228
2,5,0,315
3,3,0,193
4,0,0,207
5,1,0,155
6,5,0,388
7,2,0,1164
8,5,0,303
9,6,0,355
10,0,0,813
11,1,0,817
12,2,0,843
13,0,0,783
14,5,1,640
15,0,0,844
16,1,0,1305
17,4,0,1781
18,0,0,1258
19,6,0,362
20,0,0,221
21,5,0,377
22,5,0,332
23,2,0,236
0,5,0,320
1,3,0,204
2,1,0,225
3,1,0,206
4,4,0,151
5,4,0,162
6,1,0,153
7,6,0,383
8,4,0,1199
9,2,0,1197
10,5,0,777
11,1,0,779
12,4,0,778
13,1,0,757
14,3,0,761
15,0,0,790
16,5,0,725
17,1,0,1299
18,0,0,1251
19,4,0,1804
20,0,0,205
21,5,0,313
22,1,0,155
23,3,0,244
0,6,0,380
1,4,0,238
2,1,0,210
3,5,0,395
4,4,0,161
5,2,0,162
6,0,0,168
7,6,0,343
8,5,0,388
9,2,0,1244
10,1,0,808
11,3,0,786
12,4,0,774
13,0,0,765
14,4,0,787
15,6,0,742
16,1,0,1336
17,4,0,1763
18,0,0,1255
19,1,0,1338
20,4,0,672
21,3,0,209
22,5,0,311
23,1,0,162
0,5,0,399
1,1,0,247
2,3,0,155
3,5,0,362
4,2,0,187
5,0,0,199
6,2,0,201
7,4,0,1189
8,3,0,1157
9,2,0,1210
10,1,0,757
11,4,0,846
12,4,0,783
13,2,0,828
14,2,0,849
15,3,0,809
16,0,0,1306
17,2,0,1348
18,6,0,745
19,2,0,1271
20,5,0,386
21,1,0,189
22,6,0,344
23,6,0,354
0,5,0,350
1,5,0,385
2,4,0,154
3,0,0,244
4,1,0,162
5,3,0,177
6,6,0,383
7,3,0,1246
8,2,0,1229
9,2,0,1211
10,3,0,842
11,2,0,836
12,0,0,773
13,5,0,797
14,2,0,756
15,4,0,787
16,2,0,1286
17,1,0,1317
18,0,0,1347
19,1,0,1291
20,1,0,235
21,4,0,654
22,0,0,213
23,0,0,199
0,0,0,236
1,0,0,164
2,0,0,244
3,4,0,222
4,2,0,202
5,1,0,174
6,0,0,238
7,6,0,384
8,2,0,1158
9,2,0,1187
10,1,0,771
11,4,0,836
12,3,0,798
13,3,0,817
14,2,0,842
15,5,0,714
16,5,0,764
17,1,0,1303
18,3,0,1279
19,2,0,1342
20,4,0,669
21,3,0,182
22,2,0,249
23,2,0,235
0,0,0,226
1,4,0,156
2,0,0,157
3,1,0,177
4,0,0,194
5,6,0,372
6,0,0,238
7,6,0,379
8,3,0,1223
9,5,0,310
10,2,0,780
11,6,0,711
12,4,0,844
13,0,0,827
14,6,0,750
15,4,0,793
16,5,0,795
17,5,0,749
18,0,0,1266
19,1,0,1284
20,0,0,150
21,3,0,178
22,6,0,350
23,2,0,213
0,1,0,153
1,0,0,236
2,4,0,177
3,1,0,165
4,6,0,362
5,1,0,225
6,6,0,352
7,0,0,1234
8,6,0,316
9,1,0,1189
10,4,0,762
11,5,0,751
12,1,0,807
13,6,0,795
14,5,0,736
15,6,0,778
16,4,0,1825
17,6,0,760
18,0,0,1328
19,2,0,1283
20,1,0,219
21,2,0,166
22,6,0,319
23,4,0,222
0,1,1,308
1,6,0,368
2,5,0,386
3,3,0,182
4,6,0,377
5,2,0,166
6,1,0,206
7,2,0,1232
8,1,0,1246
9,6,0,300
10,0,0,762
11,5,0,726
12,6,0,769
13,2,0,808
14,3,0,755
15,3,0,846
16,4,0,1843
17,1,0,1348
18,2,0,1272
19,4,0,1759
20,2,1,300
21,1,0,168
22,6,0,350
23,6,0,391
0,3,0,236
1,6,0,367
2,6,0,383
3,0,0,232
4,3,0,191
5,4,0,240
6,5,0,356
7,0,0,1247
8,4,0,1217
9,1,0,1187
10,0,0,811
11,4,0,756
12,1,0,820
13,3,0,799
14,5,0,751
15,1,0,775
16,6,0,725
17,2,1,268
18,1,0,1258
19,1,1,310
20,5,0,319
21,2,0,199
22,6,0,379
23,4,0,230
0,4,0,171
1,1,0,162
2,2,0,161
3,2,0,159
4,6,0,364
5,5,0,395
6,3,0,179
7,4,0,1157
8,5,0,320
9,0,0,1171
10,4,0,767
11,5,0,765
12,4,0,797
13,3,0,793
14,0,0,758
15,3,0,816
16,6,0,753
17,0,0,1275
18,1,0,1334
19,5,0,393
20,0,0,241
21,6,0,399
22,6,0,325
23,3,0,183
0,4,0,157
1,0,0,159
2,5,0,347
3,0,0,204
4,2,0,203
5,4,0,227
6,5,0,339
7,5,0,314
8,1,0,1230
9,3,0,1167
10,1,0,845
11,5,0,722
12,4,0,811
13,0,0,795
14,0,0,836
15,4,0,848
16,5,0,738
17,6,0,714
18,0,0,1302
19,6,0,387
20,0,0,213
21,0,0,212
22,3,0,241
23,3,0,229
0,2,0,165
1,1,0,219
2,4,0,215
3,4,0,162
4,4,0,196
5,2,0,158
6,3,0,212
7,5,0,333
8,6,0,380
9,6,0,390
10,5,0,728
11,2,0,786
12,5,0,742
13,4,0,835
14,1,0,813
15,0,0,773
16,6,0,770
17,3,0,1283
18,3,0,1297
19,2,0,1261
20,3,0,172
21,4,0,728
22,6,0,396
23,5,0,312
0,4,0,236
1,2,0,245
2,4,0,194
3,5,0,398
4,1,0,214
5,2,0,196
6,1,0,207
7,0,0,1154
8,1,0,1226
9,0,0,1154
10,0,0,809
11,1,0,845
12,2,0,770
13,5,1,573
14,4,0,767
15,4,0,770
16,5,0,753
17,6,0,709
18,6,0,723
19,0,0,1334
20,0,0,238
21,2,0,209
22,3,0,206
23,1,1,272
0,0,0,171
1,4,0,217
2,2,0,183
3,1,0,219
4,2,0,177
5,1,0,244
6,1,1,348
7,5,0,338
8,0,0,1191
9,2,0,1172
10,2,0,819
11,5,0,779
12,4,0,751
13,4,0,773
14,6,0,716
15,0,0,814
16,0,0,1319
17,3,0,1318
18,5,0,759
19,4,0,1799
20,1,0,242
21,2,0,161
22,0,0,196
23,2,0,216
0,2,0,214
1,3,0,176
2,4,0,197
3,0,0,237
4,2,0,211
5,0,0,193
6,1,0,168
7,3,1,308
8,1,0,1157
9,0,0,1204
10,6,0,746
11,0,0,751
12,4,0,843
13,2,0,843
14,2,0,788
15,1,0,794
16,3,0,1281
17,6,0,764
18,5,0,737
19,2,0,1326
20,4,0,660
21,1,0,159
22,1,0,208
23,5,0,389
0,4,0,204
1,3,0,169
2,4,0,230
3,3,0,166
4,4,0,217
5,4,0,154
6,0,0,209
7,1,0,1172
8,4,0,1195
9,5,0,351
10,4,0,759
11,2,0,795
12,1,0,777
13,2,0,846
14,1,0,792
15,2,0,775
16,4,0,1804
17,4,0,1797
18,0,0,1278
19,5,0,326
20,2,0,167
21,3,0,209
22,0,0,223
23,2,0,218
0,2,0,223
1,0,0,170
2,4,0,173
3,2,0,152
4,4,0,244
5,0,0,211
6,4,0,151
7,1,0,1215
8,3,0,1191
9,6,0,333
10,2,0,791
11,5,0,719
12,3,0,846
13,6,0,767
14,4,0,794
15,2,0,824
16,4,0,1791
17,1,0,1296
18,0,0,1254
19,2,0,1338
20,6,0,348
21,6,0,336
22,1,0,183
23,1,0,222
0,2,0,219
1,4,0,167
2,5,0,377
3,6,0,318
4,6,0,377
5,1,0,189
6,3,0,166
7,1,0,1209
8,5,0,398
9,4,0,1242
10,4,0,791
11,3,0,830
12,6,0,771
13,1,0,814
14,4,0,802
15,5,0,799
16,2,0,1256
17,0,0,1254
18,0,0,1273
19,0,0,1277
20,6,0,361
21,1,0,166
22,3,0,169
23,4,0,152
0,2,0,186
1,5,0,389
2,2,0,164
3,5,0,350
4,6,0,347
5,1,0,157
6,0,0,162
7,1,0,1197
8,6,0,302
9,3,0,1214
10,3,0,822
11,6,0,730
12,5,0,725
13,4,0,830
14,4,0,805
15,5,0,733
16,3,0,1258
17,3,0,1311
18,3,0,1262
19,1,0,1318
20,3,0,190
21,2,0,226
22,0,0,150
23,3,0,238
0,5,0,346
1,0,0,153
2,1,0,249
3,5,0,362
4,0,0,201
5,5,0,309
6,1,0,177
7,2,0,1155
8,1,0,1176
9,1,0,1161
10,5,0,761
11,6,0,751
12,4,1,597
13,3,0,816
14,3,0,795
15,2,0,846
16,2,0,1323
17,3,0,1344
18,4,0,1764
19,3,0,1320
20,6,0,335
21,4,0,663
22,2,0,227
23,0,0,152
0,5,0,366
1,6,0,385
2,6,0,318
3,2,0,248
4,2,0,225
5,1,0,203
6,6,0,368
7,1,0,1159
8,1,0,1182
9,5,0,312
10,1,0,848
11,4,0,800
12,3,0,781
13,0,0,824
14,2,0,773
15,4,0,784
16,0,0,1332
17,6,0,769
18,6,0,739
19,6,0,353
20,4,0,693
21,4,0,711
22,2,0,248
23,3,0,217
0,1,0,182
1,6,0,376
2,5,0,355
3,3,0,185
4,5,0,353
5,2,0,168
6,2,0,192
7,2,0,1161
8,0,0,1160
9,5,0,369
10,3,0,761
11,3,0,840
12,4,0,790
13,4,0,774
14,6,0,702
15,4,0,752
16,2,0,1333
17,3,0,1277
18,5,0,722
19,2,0,1297
20,0,0,216
21,4,0,691
22,2,0,237
23,2,0,189
0,0,0,155
1,1,0,169
2,3,0,160
3,5,0,395
4,6,0,326
5,1,0,170
6,4,0,162
7,2,0,1235
8,0,0,1184
9,0,0,1196
10,3,0,835
11,1,0,777
12,6,0,720
13,3,0,767
14,2,0,780
15,3,0,809
16,5,0,736
17,0,0,1270
18,0,0,1263
19,4,0,1838
20,4,0,740
21,6,0,359
22,2,0,172
23,5,0,394
0,1,0,178
1,3,0,196
2,6,0,329
3,2,0,239
4,4,0,233
5,3,0,187
6,4,0,232
7,3,0,1176
8,1,0,1238
9,2,0,1236
10,3,0,842
11,5,0,714
12,6,0,758
13,0,0,752
14,5,0,709
15,5,0,778
16,6,0,779
17,0,0,1266
18,5,0,782
19,3,0,1260
20,3,0,197
21,3,0,154
22,0,0,218
23,5,0,363
0,0,0,163
1,3,0,199
2,6,0,325
3,5,0,371
4,5,0,368
5,4,0,156
6,4,0,165
7,1,0,1204
8,2,0,1227
9,4,0,1205
10,0,0,753
11,4,0,849
12,1,0,797
13,5,0,716
14,1,0,785
15,5,0,769
16,6,0,779
17,6,0,792
18,5,0,799
19,2,0,1287
20,4,0,711
21,0,0,197
22,0,0,159
23,3,0,185
0,5,0,328
1,0,0,227
2,2,0,153
3,5,0,343
4,2,0,205
5,0,0,191
6,0,0,249
7,3,0,1162
8,0,0,1195
9,5,0,381
10,6,0,732
11,5,0,720
12,5,1,629
13,3,0,828
14,3,0,806
15,0,0,818
16,1,0,1319
17,1,0,1316
18,3,0,1297
19,0,0,1325
20,1,0,249
21,0,0,182
22,0,0,185
23,0,0,182
0,4,0,180
1,5,0,320
2,0,0,176
3,4,0,240
4,3,0,221
5,1,0,211
6,5,0,395
7,6,0,325
8,1,0,1215
9,5,1,261
10,6,0,721
11,1,0,766
12,5,0,706
13,1,0,817
14,1,0,786
15,6,0,737
16,1,0,1345
17,1,0,1260
18,6,0,700
19,3,0,1274
20,0,0,191
21,2,0,201
22,4,0,173
23,2,0,202
0,2,0,205
1,5,0,362
2,0,0,230
3,5,0,307
4,0,0,208
5,6,0,344
6,6,0,326
7,0,0,1201
8,1,0,1167
9,3,0,1240
10,1,0,835
11,3,0,765
12,5,0,765
13,3,0,754
14,5,0,781
15,6,0,702
16,2,0,1340
17,6,0,780
18,6,0,779
19,2,0,1319
20,3,0,156
21,3,0,199
22,5,0,313
23,1,0,187
0,5,0,378
1,1,0,196
2,6,0,332
3,2,0,192
4,6,0,390
5,0,0,178
6,3,0,206
7,1,0,1154
8,5,0,392
9,2,0,1245
10,1,0,809
11,5,0,769
12,3,0,751
13,6,0,769
14,3,1,592
15,4,0,753
16,0,0,1305
17,4,0,1842
18,2,0,1308
19,1,0,1338
20,2,0,158
21,6,0,302
22,5,1,339
23,3,0,197
0,4,0,192
1,4,0,240
2,6,0,399
3,4,0,245
4,6,0,300
5,2,0,206
6,3,0,202
7,1,0,1165
8,5,0,350
9,1,0,1224
10,2,0,839
11,5,1,604
12,4,0,750
13,0,0,839
14,2,0,777
15,2,0,802
16,3,0,1307
17,1,0,1322
18,2,0,1309
19,2,0,1308
20,4,0,671
21,4,0,657
22,5,1,298
23,6,0,341
0,6,0,326
1,0,0,188
2,6,0,382
3,3,0,174
4,0,0,187
5,5,0,384
6,4,0,173
7,6,0,323
8,1,0,1209
9,4,0,1232
10,3,0,799
11,4,0,815
12,3,0,763
13,3,0,802
14,3,0,781
15,5,0,795
16,3,0,1341
17,3,0,1297
18,1,0,1288
19,0,0,1289
20,2,0,191
21,0,0,226
22,3,0,225
23,1,0,157
0,4,0,228
1,1,0,175
2,3,0,161
3,1,0,192
4,6,0,350
5,1,0,240
6,3,0,231
7,5,0,399
8,6,0,362
9,1,0,1198
10,2,0,776
11,2,0,758
12,1,0,788
13,5,0,764
14,4,0,820
15,3,0,839
16,2,0,1320
17,4,0,1756
18,1,0,1321
19,4,0,1829
20,6,0,366
21,0,0,159
22,2,0,220
23,1,0,234
0,3,0,202
1,5,0,394
2,6,0,386
3,1,0,206
4,3,0,240
5,5,0,385
6,5,0,326
7,1,0,1203
8,6,0,303
9,4,0,1237
10,4,0,772
11,5,1,597
12,4,0,832
13,0,0,791
14,5,0,702
15,5,0,790
16,3,0,1252
17,4,0,1777
18,6,0,762
19,5,0,380
20,6,0,330
21,0,0,159
22,3,0,198
23,1,0,235
0,6,0,393
1,5,0,320
2,0,0,249
3,2,0,202
4,0,0,236
5,0,0,225
6,3,1,338
7,1,0,1203
8,2,0,1206
9,4,0,1169
10,4,0,798
11,6,0,706
12,0,0,778
13,3,0,797
14,3,0,842
15,4,0,762
16,6,0,702
17,6,0,701
18,6,0,715
19,2,0,1343
20,1,0,155
21,2,0,194
22,5,0,370
23,5,0,304
0,1,0,205
1,4,0,220
2,1,0,247
3,3,0,181
4,5,0,348
5,0,0,162
6,0,0,179
7,4,0,1174
8,3,0,1234
9,2,0,1209
10,3,0,808
11,0,0,834
12,0,0,777
13,5,0,757
14,3,1,569
15,3,0,783
16,0,0,1254
17,2,0,1331
18,4,0,1809
19,6,0,342
20,4,0,706
21,3,0,206
22,4,0,224
23,0,0,203
0,0,0,230
1,3,0,194
2,3,0,235
3,6,0,336
4,6,0,383
5,5,0,347
6,3,0,203
7,2,0,1197
8,4,0,1155
9,3,0,1183
10,1,0,812
11,5,0,777
12,1,0,797
13,0,0,772
14,6,0,783
15,4,0,762
16,3,0,1296
17,1,0,1293
18,4,0,1781
19,0,0,1275
20,6,0,352
21,2,0,163
22,5,0,351
23,4,0,185
0,4,0,157
1,2,0,189
2,4,0,235
3,0,0,171
4,0,0,165
5,2,0,240
6,5,0,359
7,3,0,1209
8,1,0,1159
9,3,0,1174
10,4,0,780
11,1,0,770
12,2,0,840
13,2,0,830
14,5,0,732
15,1,0,780
16,0,0,1339
17,1,0,1270
18,4,0,1785
19,0,0,1314
20,6,0,303
21,6,0,367
22,6,0,389
23,2,0,153
0,1,0,158
1,6,0,329
2,3,0,194
3,5,0,303
4,3,0,218
5,6,0,322
6,5,0,315
7,4,0,1171
8,3,0,1221
9,1,0,1197
10,1,0,811
11,3,0,846
12,6,0,759
13,1,0,829
14,4,0,754
15,0,0,829
16,6,0,706
17,4,0,1800
18,5,0,764
19,4,0,1758
20,6,0,381
21,5,0,344
22,6,0,346
23,1,0,216
0,0,0,173
1,6,0,391
2,6,0,309
3,1,0,222
4,2,0,226
5,1,0,197
6,5,0,334
7,1,0,1203
8,1,0,1236
9,0,0,1230
10,1,0,820
11,6,0,715
12,0,0,802
13,3,0,789
14,2,0,849
15,0,0,769
16,5,0,787
17,3,0,1318
18,0,0,1294
19,0,0,1255
20,2,0,241
21,6,0,368
22,5,0,348
23,4,0,188
0,4,0,151
1,0,0,188
2,1,0,170
3,5,0,339
4,3,0,231
5,1,0,203
6,1,0,161
7,5,0,380
8,6,0,336
9,0,0,1187
10,0,0,764
11,0,0,756
12,0,0,827
13,4,0,799
14,0,0,814
15,4,0,816
16,4,0,1793
17,6,0,730
18,0,0,1292
19,2,0,1326
20,3,0,197
21,1,0,231
22,4,0,230
23,5,1,330
0,5,0,360
1,3,0,224
2,5,0,383
3,2,0,159
4,5,0,328
5,1,0,197
6,1,0,247
7,4,0,1230
8,0,0,1211
9,6,0,312
10,2,0,793
11,4,0,796
12,2,0,813
13,0,0,840
14,5,0,752
15,5,0,789
16,6,0,791
17,0,0,1326
18,4,0,1825
19,6,0,343
20,0,0,177
21,3,0,151
22,1,0,206
23,6,0,356
0,6,0,333
1,4,0,236
2,2,0,207
3,3,0,201
4,4,0,178
5,0,0,184
6,0,0,224
7,0,0,1197
8,0,0,1182
9,2,0,1224
10,3,0,822
11,5,0,777
12,1,0,758
13,2,0,797
14,2,1,616
15,5,0,792
16,5,0,782
17,1,0,1285
18,1,0,1345
19,5,0,370
20,0,0,241
21,2,0,193
22,4,0,231
23,1,1,309
0,1,0,212
1,5,0,304
2,3,0,236
3,4,0,235
4,4,0,239
5,1,0,225
6,0,0,189
7,3,0,1168
8,4,0,1196
9,1,0,1214
10,4,0,816
11,6,0,790
12,3,0,767
13,3,0,799
14,6,0,729
15,2,0,815
16,6,0,704
17,5,0,792
18,5,0,796
19,1,0,1291
20,3,0,233
21,2,0,243
22,2,0,154
23,4,0,199
0,4,0,234
1,6,0,357
2,2,0,228
3,6,0,383
4,6,0,307
5,4,0,180
6,3,0,161
7,6,0,320
8,0,0,1243
9,3,0,1211
10,2,0,840
11,2,0,839
12,6,0,732
13,3,0,775
14,4,0,839
15,4,0,849
16,5,0,739
17,2,0,1314
18,1,0,1308
19,5,0,314
20,4,0,650
21,3,0,160
22,4,0,204
23,3,0,151
0,5,0,364
1,2,1,344
2,4,0,193
3,6,0,315
4,3,0,171
5,2,0,167
6,1,0,196
7,3,0,1230
8,5,0,329
9,1,0,1159
10,1,0,848
11,0,0,807
12,4,0,811
13,3,0,834
14,1,0,829
15,0,0,755
16,5,0,766
17,2,0,1290
18,6,0,742
19,6,0,384
20,3,0,226
21,1,0,167
22,6,0,357
23,4,0,209
0,6,0,387
1,6,0,326
2,6,0,367
3,0,0,171
4,1,0,173
5,4,0,189
6,1,0,223
7,3,0,1215
8,3,0,1189
9,3,0,1155
10,5,1,567
11,6,0,780
12,5,0,786
13,0,0,779
14,3,0,770
15,4,0,811
16,1,0,1259
17,6,0,712
18,2,0,1325
19,4,0,1758
20,6,0,367
21,5,0,338
22,5,0,323
23,4,0,183
0,5,0,360
1,3,0,190
2,0,0,154
3,1,0,228
4,0,0,199
5,6,0,303
6,1,0,200
7,1,0,1201
8,0,0,1188
9,4,0,1157
10,1,0,794
11,0,0,837
12,1,0,777
13,2,0,776
14,4,0,814
15,3,1,583
16,1,0,1330
17,2,0,1311
18,3,0,1311
19,3,0,1287
20,6,0,325
21,1,0,173
22,0,0,188
23,1,0,170
0,2,0,243
1,3,0,196
2,1,0,197
3,0,0,162
4,6,1,252
5,1,1,281
6,4,0,184
7,6,0,318
8,0,0,1163
9,2,0,1197
10,3,0,835
11,1,0,830
12,0,0,817
13,6,0,744
14,4,0,768
15,0,0,813
16,5,0,765
17,4,0,1828
18,6,0,765
19,2,0,1324
20,3,0,194
21,6,0,386
22,2,0,223
23,1,0,216
0,0,0,218
1,5,0,302
2,4,0,187
3,4,0,226
4,0,0,191
5,5,0,382
6,0,0,189
7,1,0,1199
8,2,0,1184
9,6,0,323
10,4,0,837
11,1,0,766
12,2,0,789
13,1,0,823
14,5,1,615
15,4,0,793
16,6,0,722
17,0,1,255
18,0,0,1315
19,2,0,1270
20,6,0,334
21,3,0,178
22,5,0,306
23,2,0,242
0,3,0,202
1,1,0,186
2,5,0,322
3,1,0,246
4,6,0,307
5,4,0,225
6,5,0,347
7,3,0,1159
8,4,0,1228
9,0,0,1173
10,3,0,839
11,2,0,796
12,0,0,802
13,0,0,788
14,2,0,816
15,5,0,765
16,0,0,1255
17,6,0,720
18,3,0,1322
19,4,0,1823
20,0,0,185
21,3,0,152
22,1,0,237
23,3,0,235
0,4,0,227
1,3,0,191
2,2,0,194
3,4,0,193
4,5,0,390
5,1,0,182
6,2,0,209
7,5,0,385
8,3,0,1242
9,4,0,1232
10,1,1,632
11,2,0,819
12,5,0,782
13,5,0,776
14,1,0,775
15,6,0,785
16,3,0,1270
17,1,0,1349
18,5,0,701
19,0,0,1296
20,2,0,179
21,1,0,176
22,6,0,370
23,5,0,319
0,3,1,299
1,5,0,394
2,3,0,172
3,1,0,162
4,3,0,230
5,4,0,153
6,4,0,163
7,4,0,1169
8,6,0,312
9,6,0,302
10,0,0,839
11,6,0,789
12,1,0,831
13,5,0,795
14,5,0,777
15,0,0,796
16,6,0,702
17,3,0,1250
18,0,0,1339
19,3,0,1273
20,3,0,184
21,2,0,163
22,5,0,366
23,4,0,162
0,6,0,346
1,3,0,199
2,2,0,227
3,5,0,384
4,4,0,175
5,3,0,152
6,3,0,200
7,0,0,1189
8,0,0,1217
9,5,0,335
10,4,0,800
11,3,0,750
12,5,0,732
13,5,0,706
14,1,0,801
15,6,0,710
16,0,0,1276
17,4,0,1763
18,3,0,1335
19,5,0,379
20,3,0,195
21,1,0,225
22,4,0,159
23,5,0,323
0,3,0,210
1,0,0,167
2,6,0,385
3,1,0,158
4,4,0,166
5,1,0,207
6,0,0,162
7,4,0,1199
8,1,0,1155
9,2,0,1234
10,0,0,800
11,0,0,785
12,0,0,820
13,2,0,849
14,2,0,774
15,3,0,760
16,5,0,743
17,6,0,713
18,1,0,1278
19,3,0,1323
20,1,0,199
21,6,0,304
22,5,0,371
23,2,0,218
0,5,0,387
1,2,0,206
2,6,0,325
3,5,0,305
4,3,0,165
5,4,0,209
6,3,0,249
7,1,0,1161
8,3,0,1224
9,6,1,252
10,0,0,812
11,1,0,813
12,5,0,761
13,1,0,755
14,4,0,768
15,2,0,767
16,5,0,779
17,1,0,1336
18,5,0,742
19,5,0,372
20,5,0,302
21,2,0,221
22,6,0,337
23,3,0,217
0,5,0,375
1,0,1,293
2,6,0,394
3,4,0,238
4,2,0,229
5,1,0,212
6,2,0,191
7,1,0,1213
8,2,0,1203
9,1,0,1227
10,5,0,776
11,3,0,820
12,1,0,825
13,1,0,786
14,0,0,753
15,1,0,751
16,0,0,1348
17,4,0,1793
18,5,0,766
19,0,0,1317
20,3,0,225
21,6,0,382
22,5,0,373
23,0,0,211
0,5,0,300
1,5,0,316
2,5,0,315
3,4,0,158
4,3,1,302
5,2,0,222
6,2,0,208
7,0,0,1158
8,5,0,311
9,0,0,1190
10,4,0,764
11,4,0,815
12,1,0,824
13,4,0,760
14,1,0,757
15,3,0,804
16,0,0,1345
17,6,0,705
18,3,0,1302
19,4,0,1769
20,3,0,188
21,3,0,248
22,3,0,221
23,4,0,183
0,6,0,356
1,5,0,318
2,3,0,220
3,1,0,180
4,4,0,231
5,3,0,189
6,6,0,313
7,5,0,399
8,4,0,1230
9,2,0,1186
10,5,0,743
11,1,0,758
12,3,0,807
13,6,0,719
14,2,0,841
15,6,0,749
16,2,0,1269
17,4,0,1785
18,2,0,1276
19,1,0,1321
20,1,0,181
21,0,0,150
22,1,0,166
23,5,0,308
0,2,1,333
1,1,0,194
2,4,0,245
3,6,0,365
4,6,0,331
5,0,0,194
6,6,0,308
7,2,0,1179
8,0,0,1233
9,2,0,1187
10,4,0,809
11,0,0,750
12,3,0,754
13,5,0,762
14,5,0,798
15,2,0,785
16,6,0,764
17,3,0,1327
18,0,0,1322
19,3,0,1343
20,3,0,173
21,6,0,303
22,0,0,227
23,4,0,238
0,6,0,367
1,3,0,174
2,3,0,223
3,4,0,248
4,3,0,156
5,3,0,162
6,3,0,217
7,5,0,342
8,6,0,356
9,1,0,1185
10,6,0,713
11,4,0,831
12,3,0,821
13,6,0,795
14,5,0,726
15,4,0,786
16,2,0,1336
17,6,0,770
18,2,0,1325
19,3,0,1274
20,5,0,366
21,5,0,389
22,6,0,303
23,4,0,249
0,4,0,228
1,5,0,395
2,4,0,242
3,5,0,373
4,6,0,384
5,1,0,165
6,5,0,318
7,2,0,1178
8,4,0,1200
9,5,0,317
10,5,0,757
11,6,1,593
12,4,0,765
13,1,0,814
14,6,0,701
15,1,0,805
16,6,0,778
17,4,0,1777
18,0,0,1314
19,4,0,1754
20,4,1,271
21,1,0,249
22,1,0,162
23,4,0,214
0,4,0,165
1,4,0,235
2,1,0,213
3,4,0,181
4,4,0,229
5,3,0,200
6,0,0,228
7,2,0,1207
8,0,1,295
9,3,0,1201
10,2,0,812
11,6,1,625
12,4,0,809
13,3,0,814
14,6,0,780
15,4,0,804
16,1,0,1306
17,5,0,791
18,3,0,1320
19,1,0,1322
20,3,0,235
21,3,0,175
22,1,0,161
23,2,0,220
0,0,0,195
1,4,0,196
2,3,0,228
3,4,0,187
4,5,0,320
5,1,0,163
6,4,0,151
7,1,0,1221
8,4,0,1219
9,0,0,1182
10,0,0,755
11,0,0,839
12,0,0,786
13,0,0,763
14,0,0,786
15,1,0,757
16,3,0,1326
17,4,0,1762
18,0,1,289
19,1,0,1341
20,1,0,207
21,1,0,167
22,3,0,206
23,4,0,232
0,3,0,187
1,2,0,181
2,6,0,385
3,1,0,215
4,2,0,226
5,5,0,386
6,0,0,174
7,6,0,391
8,0,0,1207
9,3,0,1224
10,6,0,732
11,4,0,837
12,2,0,815
13,4,0,779
14,3,0,830
15,0,0,783
16,6,0,785
17,4,0,1818
18,4,0,1797
19,0,0,1289
20,6,0,350
21,2,0,229
22,0,0,162
23,4,0,239
0,2,0,180
1,2,0,188
2,0,0,212
3,4,0,197
4,3,0,236
5,4,0,197
6,1,0,210
7,6,0,311
8,5,0,377
9,3,0,1205
10,2,0,767
11,3,0,776
12,6,0,727
13,2,0,831
14,6,0,779
15,2,0,801
16,3,0,1265
17,2,0,1326
18,2,0,1307
19,1,0,1342
20,4,0,658
21,4,0,675
22,5,0,327
23,5,0,376
0,1,0,185
1,5,0,308
2,6,0,346
3,3,0,227
4,0,0,200
5,6,0,375
6,0,0,206
7,0,0,1181
8,1,0,1216
9,6,0,356
10,1,0,803
11,2,0,765
12,0,0,811
13,3,0,833
14,5,0,795
15,3,0,805
16,5,0,722
17,0,0,1266
18,0,0,1329
19,0,0,1287
20,1,0,221
21,6,0,382
22,5,0,329
23,6,0,357
0,1,0,247
1,1,0,227
2,4,0,171
3,3,0,166
4,3,0,164
5,2,0,197
6,1,0,181
7,5,0,376
8,4,0,1234
9,4,1,289
10,6,0,796
11,3,0,806
12,1,0,807
13,2,0,840
14,1,0,848
15,6,0,715
16,0,0,1277
17,1,0,1347
18,6,0,700
19,0,0,1290
20,0,0,197
21,2,0,180
22,5,0,335
23,3,0,182
0,1,0,182
1,0,0,231
2,1,0,172
3,5,0,359
4,3,0,236
5,5,0,378
6,3,0,239
7,4,0,1179
8,3,0,1238
9,2,0,1194
10,5,0,779
11,0,0,788
12,4,0,794
13,2,0,827
14,1,0,830
15,5,0,711
16,6,0,792
17,6,0,731
18,0,0,1305
19,3,0,1273
20,0,0,162
21,6,0,319
22,1,0,228
23,4,0,205
0,4,0,202
1,5,0,367
2,4,0,203
3,5,0,333
4,5,0,327
5,5,0,349
6,6,0,301
7,6,0,393
8,3,0,1175
9,2,0,1200
10,5,0,746
11,5,0,725
12,2,0,833
13,0,0,841
14,5,0,783
15,3,0,824
16,4,0,1823
17,4,0,1810
18,1,0,1272
19,1,0,1286
20,4,0,690
21,4,0,701
22,6,0,382
23,3,0,231
0,2,0,198
1,1,0,176
2,6,0,305
3,6,0,373
4,2,0,215
5,6,0,323
6,3,0,187
7,4,0,1177
8,5,0,327
9,2,0,1215
10,4,1,610
11,4,0,795
12,0,0,818
13,2,0,824
14,6,0,773
15,5,0,742
16,2,0,1308
17,6,1,251
18,4,0,1764
19,5,0,336
20,6,0,370
21,3,0,169
22,6,0,397
23,0,0,184
0,4,0,183
1,6,0,385
2,1,1,280
3,1,0,236
4,0,0,168
5,3,0,217
6,4,0,173
7,2,0,1233
8,0,0,1188
9,3,0,1241
10,2,0,803
11,1,0,788
12,1,0,766
13,2,0,768
14,0,0,797
15,1,0,784
16,4,0,1781
17,5,0,746
18,6,0,746
19,2,0,1313
20,2,0,195
21,1,0,184
22,0,0,243
23,4,0,166
0,0,0,191
1,3,0,178
2,3,0,219
3,5,0,316
4,1,0,230
5,1,0,163
6,1,0,173
7,5,0,356
8,3,0,1199
9,0,0,1206
10,5,0,760
11,5,0,738
12,0,0,804
13,1,1,645
14,4,0,785
15,0,0,786
16,3,0,1263
17,2,0,1276
18,2,0,1332
19,6,0,330
20,6,0,372
21,5,0,380
22,2,0,232
23,4,0,193
0,1,0,217
1,3,0,197
2,6,0,356
3,4,0,224
4,3,0,171
5,3,0,153
6,1,0,230
7,5,0,371
8,2,0,1195
9,1,0,1208
10,4,0,783
11,5,0,710
12,4,0,780
13,5,0,710
14,6,0,755
15,4,0,787
16,1,0,1270
17,5,0,793
18,5,0,709
19,3,0,1275
20,3,0,240
21,0,0,157
22,4,0,157
23,3,0,209
0,0,0,221
1,6,0,333
2,6,0,315
3,3,0,162
4,4,0,236
5,5,0,375
6,2,0,240
7,4,1,271
8,1,0,1245
9,6,0,326
10,3,0,813
11,3,0,751
12,5,0,796
13,1,0,775
14,5,0,791
15,1,0,832
16,2,0,1318
17,6,0,796
18,3,0,1333
19,3,0,1279
20,2,0,157
21,0,0,187
22,6,0,360
23,5,0,380
0,2,0,214
1,5,0,366
2,4,0,195
3,3,0,239
4,5,0,394
5,1,0,221
6,5,0,342
7,4,1,308
8,6,0,345
9,3,0,1221
10,2,0,784
11,4,0,788
12,3,0,841
13,5,0,750
14,6,0,703
15,0,0,829
16,6,0,776
17,0,0,1333
18,1,0,1300
19,6,0,304
20,3,0,204
21,0,0,169
22,2,0,173
23,3,0,185
0,2,0,183
1,6,0,353
2,2,0,183
3,0,0,232
4,3,0,166
5,5,0,304
6,4,0,238
7,0,0,1167
8,0,0,1204
9,5,0,352
10,3,0,799
11,3,0,821
12,6,0,790
13,2,0,828
14,6,0,744
15,5,0,712
16,6,0,715
17,5,0,785
18,3,1,333
19,2,0,1262
20,6,0,319
21,0,0,215
22,1,0,248
23,4,0,196
0,0,0,168
1,3,0,194
2,4,0,186
3,1,0,203
4,1,0,155
5,2,0,163
6,4,0,153
7,2,0,1235
8,0,0,1204
9,5,0,399
10,5,0,733
11,5,0,726
12,4,0,756
13,5,0,702
14,0,0,796
15,2,0,846
16,4,0,1751
17,2,0,1329
18,4,0,1774
19,2,0,1309
20,1,0,228
21,2,0,173
22,5,0,314
23,1,0,244
0,2,0,163
1,4,0,203
2,4,0,227
3,4,0,155
4,3,0,227
5,0,0,230
6,4,0,167
7,1,1,269
8,4,0,1211
9,3,0,1230
10,5,0,779
11,1,0,789
12,3,0,788
13,5,0,751
14,6,0,731
15,6,0,772
16,1,0,1276
17,2,0,1301
18,0,0,1346
19,0,0,1312
20,3,0,223
21,5,0,362
22,0,0,166
23,5,0,348
0,5,0,399
1,3,0,230
2,3,1,331
3,3,0,172
4,0,0,247
5,6,0,371
6,3,0,162
7,0,0,1172
8,3,0,1206
9,4,0,1211
10,5,0,753
11,3,0,769
12,1,0,835
13,5,0,751
14,5,0,722
15,3,0,784
16,6,0,766
17,2,0,1283
18,6,0,732
19,3,0,1295
20,5,0,380
21,1,0,194
22,5,0,318
23,6,0,393
0,1,0,236
1,0,0,164
2,4,0,227
3,5,0,365
4,3,0,188
5,0,0,167
6,4,0,219
7,3,0,1208
8,2,0,1181
9,3,0,1170
10,1,0,789
11,1,0,841
12,2,0,776
13,0,0,751
14,4,0,846
15,3,1,629
16,1,0,1288
17,0,0,1335
18,2,0,1305
19,6,0,312
20,5,0,355
21,6,0,365
22,6,0,377
23,1,0,205
0,2,0,177
1,3,0,213
2,6,0,370
3,6,0,381
4,4,0,213
5,1,0,205
6,1,0,190
7,3,0,1249
8,5,0,340
9,0,0,1249
10,4,0,753
11,1,0,806
12,4,0,779
13,1,0,837
14,4,0,833
15,2,0,795
16,6,0,755
17,1,0,1280
18,4,0,1837
19,0,0,1256
20,2,0,239
21,2,0,226
22,0,0,203
23,4,0,157
0,3,0,204
1,0,0,218
2,4,0,193
3,0,0,162
4,0,0,242
5,1,0,169
6,4,0,227
7,3,0,1181
8,6,0,359
9,1,0,1199
10,0,0,776
11,6,0,724
12,5,0,751
13,6,0,767
14,0,0,770
15,0,0,767
16,4,0,1788
17,4,0,1764
18,1,0,1302
19,3,0,1287
20,1,0,197
21,2,0,201
22,0,0,237
23,6,0,371
0,5,0,327
1,0,0,234
2,0,1,265
3,1,0,165
4,5,0,334
5,5,0,316
6,5,0,372
7,1,0,1248
8,0,0,1201
9,1,0,1242
10,4,0,831
11,4,0,761
12,1,0,832
13,5,0,747
14,0,0,771
15,1,0,798
16,1,1,601
17,1,0,1328
18,2,0,1250
19,4,0,1815
20,6,0,363
21,5,0,307
22,3,0,235
23,6,0,324
0,5,0,365
1,3,0,222
2,2,0,222
3,1,0,226
4,2,0,219
5,2,0,243
6,6,0,378
7,0,0,1200
8,6,0,352
9,4,0,1164
10,3,0,799
11,1,0,820
12,6,0,774
13,3,0,787
14,5,0,739
15,3,0,815
16,5,1,588
17,6,0,773
18,4,0,1766
19,6,0,306
20,5,0,338
21,3,0,217
22,3,0,184
23,5,0,350
0,2,0,196
1,4,0,185
2,0,0,213
3,1,0,244
4,3,0,238
5,1,0,162
6,0,0,167
7,6,0,320
8,1,0,1214
9,0,0,1249
10,5,1,557
11,2,0,797
12,3,0,834
13,0,0,792
14,1,0,802
15,3,0,834
16,2,0,1276
17,5,0,718
18,6,0,722
19,3,0,1299
20,6,0,350
21,0,0,192
22,2,0,248
23,1,0,200
0,2,0,218
1,2,0,190
2,4,0,221
3,2,0,160
4,2,0,229
5,3,0,237
6,1,0,234
7,3,0,1201
8,3,0,1172
9,0,0,1198
10,3,0,787
11,4,0,796
12,4,0,821
13,6,0,706
14,0,0,815
15,6,0,793
16,6,0,776
17,5,0,761
18,1,0,1336
19,1,0,1278
20,3,0,187
21,3,0,233
22,5,0,332
23,3,0,178
0,1,0,228
1,6,1,272
2,2,0,152
3,4,0,242
4,2,0,194
5,2,1,257
6,1,0,235
7,2,0,1178
8,5,0,301
9,0,0,1199
10,3,0,814
11,0,0,769
12,6,0,751
13,4,0,834
14,3,0,786
15,2,0,821
16,4,0,1776
17,3,0,1296
18,5,0,798
19,5,0,305
20,5,0,359
21,5,0,344
22,2,0,193
23,0,0,232
0,3,0,167
1,2,0,214
2,5,0,324
3,6,0,326
4,0,0,156
5,6,0,343
6,4,0,178
7,6,0,394
8,4,0,1193
9,4,0,1185
10,5,0,718
11,4,1,555
12,1,0,774
13,3,0,780
14,3,0,758
15,5,0,783
16,1,0,1323
17,6,0,736
18,2,0,1276
19,6,0,312
20,2,0,190
21,4,0,715
22,0,0,234
23,2,0,246
0,0,0,173
1,3,0,193
2,0,0,247
3,3,0,209
4,1,0,158
5,1,0,151
6,5,0,355
7,5,0,329
8,4,0,1171
9,2,0,1224
10,4,0,830
11,3,0,849
12,4,0,762
13,0,0,820
14,3,0,765
15,5,0,796
16,1,0,1294
17,5,0,764
18,2,0,1260
19,3,0,1319
20,3,0,169
21,0,0,248
22,2,0,212
23,1,0,239
0,6,0,311
1,3,0,211
2,3,0,243
3,0,0,241
4,4,0,240
5,1,0,191
6,5,0,382
7,2,0,1218
8,3,0,1207
9,3,0,1154
10,5,0,726
11,1,0,777
12,4,0,775
13,3,1,640
14,1,0,798
15,5,0,720
16,0,0,1250
17,4,0,1841
18,2,0,1307
19,3,0,1328
20,1,0,204
21,0,0,230
22,2,0,175
23,6,0,383
0,1,0,174
1,1,0,226
2,2,0,182
3,0,0,238
4,6,0,371
5,5,0,368
6,0,0,155
7,4,0,1172
8,3,0,1179
9,2,0,1227
10,5,0,753
11,6,0,786
12,2,0,760
13,2,0,780
14,0,0,755
15,3,0,760
16,4,0,1826
17,1,0,1261
18,1,0,1315
19,2,0,1302
20,3,0,248
21,6,0,335
22,6,0,316
23,5,0,327
0,0,0,241
1,3,0,171
2,3,0,156
3,0,0,164
4,6,0,395
5,6,0,310
6,6,0,323
7,2,0,1216
8,3,0,1179
9,1,0,1219
10,0,0,815
11,6,0,760
12,5,0,777
13,6,0,740
14,6,0,781
15,4,0,800
16,2,0,1293
17,0,0,1344
18,4,0,1762
19,4,0,1839
20,5,0,311
21,3,0,231
22,5,0,308
23,3,0,234
0,3,0,197
1,0,0,198
2,6,0,352
3,0,0,205
4,2,0,189
5,3,0,173
6,4,0,247
7,6,0,371
8,1,0,1182
9,2,0,1172
10,0,0,826
11,5,0,753
12,2,0,802
13,2,0,798
14,6,0,777
15,2,0,827
16,2,0,1329
17,1,0,1298
18,5,0,759
19,5,0,389
20,5,0,389
21,3,0,214
22,4,0,181
23,5,0,378
0,2,0,170
1,2,0,167
2,5,0,393
3,6,0,359
4,5,0,312
5,2,0,173
6,3,0,179
7,0,0,1151
8,0,0,1232
9,5,0,324
10,1,0,799
11,5,0,713
12,6,0,705
13,5,0,775
14,0,0,833
15,2,0,836
16,5,0,729
17,2,0,1279
18,2,0,1287
19,1,0,1307
20,2,0,243
21,0,0,190
22,3,0,243
23,3,0,206
0,4,0,185
1,6,0,363
2,5,0,397
3,6,0,315
4,0,0,237
5,2,0,227
6,3,0,239
7,6,0,371
8,0,0,1163
9,3,0,1180
10,2,0,815
11,6,0,767
12,3,0,814
13,5,0,754
14,5,0,783
15,4,0,827
16,4,0,1789
17,3,1,274
18,0,0,1274
19,5,0,302
20,0,0,218
21,0,0,175
22,3,0,189
23,0,0,187
0,5,0,337
1,2,0,217
2,4,0,156
3,2,0,243
4,0,0,179
5,2,0,168
6,5,0,334
7,5,0,332
8,0,1,282
9,3,0,1227
10,2,0,787
11,3,0,759
12,3,0,806
13,1,0,777
14,0,0,827
15,4,0,849
16,5,0,737
17,5,0,715
18,0,0,1270
19,6,0,391
20,6,0,396
21,6,0,305
22,4,0,190
23,5,0,314
0,0,0,152
1,5,0,342
2,3,0,196
3,2,0,248
4,2,0,163
5,5,0,365
6,1,0,178
7,4,0,1153
8,6,0,325
9,4,0,1161
10,4,0,751
11,3,0,766
12,4,0,784
13,2,0,759
14,3,0,835
15,0,0,792
16,4,0,1770
17,4,1,264
18,0,0,1284
19,4,0,1834
20,0,0,234
21,3,0,234
22,2,0,209
23,0,0,193
0,1,0,245
1,0,0,154
2,4,0,222
3,6,0,317
4,6,0,320
5,3,0,221
6,5,0,397
7,3,0,1223
8,5,0,350
9,6,0,340
10,6,0,723
11,0,0,773
12,2,0,845
13,1,0,846
14,3,0,787
15,4,0,793
16,5,0,756
17,4,0,1808
18,2,0,1283
19,5,0,374
20,3,0,244
21,0,0,231
22,4,0,172
23,2,0,235
0,3,0,192
1,6,0,381
2,6,0,339
3,3,0,196
4,3,0,190
5,3,0,196
6,5,0,319
7,3,0,1226
8,4,0,1214
9,2,0,1217
10,5,0,723
11,3,0,849
12,1,0,785
13,1,0,794
14,2,0,751
15,6,0,727
16,0,0,1275
17,0,0,1272
18,6,0,778
19,5,0,335
20,5,0,390
21,5,0,305
22,0,0,184
23,1,0,187
0,0,0,184
1,4,0,249
2,3,0,223
3,5,0,393
4,1,0,202
5,2,0,187
6,2,1,342
7,3,0,1208
8,1,0,1192
9,0,0,1153
10,0,0,754
11,4,0,817
12,4,0,849
13,0,0,794
14,2,0,829
15,5,0,724
16,2,0,1327
17,4,0,1760
18,3,0,1278
19,0,0,1283
20,4,0,735
21,4,0,663
22,5,0,323
23,0,0,208
0,5,0,338
1,0,0,175
2,5,0,342
3,2,0,185
4,3,0,188
5,3,0,210
6,0,0,165
7,1,0,1208
8,6,0,395
9,4,0,1155
10,4,0,847
11,0,0,805
12,5,0,707
13,1,0,843
14,2,0,776
15,5,0,770
16,5,0,726
17,0,0,1338
18,0,0,1295
19,4,0,1790
20,0,0,228
21,0,0,174
22,0,0,235
23,4,0,167
0,2,0,161
1,2,0,236
2,6,0,350
3,6,0,338
4,0,0,238
5,6,0,309
6,4,0,243
7,2,0,1223
8,5,0,397
9,2,0,1226
10,2,0,803
11,4,0,778
12,6,0,740
13,5,0,708
14,4,0,812
15,0,0,826
16,3,0,1286
17,2,0,1263
18,3,0,1322
19,4,0,1821
20,4,0,688
21,4,0,689
22,3,0,203
23,4,0,152
0,0,0,204
1,4,0,182
2,1,0,245
3,6,0,370
4,3,0,168
5,1,0,183
6,4,0,227
7,0,0,1199
8,2,0,1196
9,5,0,345
10,6,0,755
11,5,0,756
12,4,0,832
13,6,0,750
14,6,0,753
15,0,0,839
16,6,0,780
17,3,0,1277
18,1,0,1268
19,1,0,1276
20,1,0,197
21,3,0,168
22,5,0,396
23,0,0,200
0,6,0,306
1,3,1,278
2,1,0,192
3,4,0,218
4,2,0,243
5,6,0,357
6,3,0,157
7,3,0,1191
8,0,0,1225
9,0,0,1191
10,3,0,762
11,1,0,775
12,2,0,767
13,6,0,741
14,0,0,800
15,6,0,783
16,1,0,1265
17,6,0,702
18,4,0,1840
19,0,0,1328
20,1,0,247
21,1,0,194
22,2,0,171
23,2,0,172
0,4,0,208
1,1,0,211
2,5,0,367
3,1,0,203
4,2,0,206
5,5,0,322
6,0,0,209
7,0,0,1222
8,6,0,387
9,3,0,1234
10,2,0,804
11,3,0,829
12,5,0,762
13,2,0,805
14,4,0,804
15,1,0,774
16,4,0,1775
17,5,0,748
18,2,0,1312
19,5,0,344
20,1,0,222
21,0,0,228
22,0,0,188
23,5,0,396
0,3,0,214
1,2,0,218
2,2,0,205
3,0,0,158
4,6,0,369
5,4,0,177
6,6,0,344
7,1,0,1175
8,4,0,1177
9,4,0,1189
10,5,0,714
11,0,0,755
12,6,0,726
13,6,0,737
14,0,0,817
15,6,0,774
16,0,0,1334
17,5,0,763
18,3,0,1279
19,4,0,1831
20,5,0,398
21,2,0,152
22,1,0,211
23,3,0,161
0,2,0,240
1,4,0,179
2,6,0,384
3,0,0,187
4,4,0,234
5,5,0,359
6,1,0,187
7,5,0,314
8,3,0,1167
9,3,0,1201
10,1,0,778
11,2,0,809
12,2,0,770
13,3,0,766
14,3,0,767
15,6,0,756
16,0,0,1286
17,6,1,309
18,6,0,737
19,2,0,1261
20,1,0,224
21,2,0,233
22,0,0,222
23,5,0,300
0,3,0,207
1,3,0,152
2,0,0,212
3,6,0,320
4,1,0,172
5,3,0,158
6,4,0,232
7,6,0,354
8,3,0,1168
9,4,0,1211
10,0,0,836
11,0,0,840
12,6,0,790
13,3,0,788
14,2,0,849
15,4,0,825
16,1,0,1276
17,3,0,1295
18,1,0,1283
19,3,0,1282
20,2,0,241
21,2,0,244
22,6,0,395
23,6,0,349
0,2,0,169
1,5,0,339
2,2,0,248
3,0,0,244
4,0,0,207
5,5,1,280
6,4,0,187
7,1,0,1235
8,3,0,1194
9,3,0,1190
10,5,0,708
11,0,0,758
12,6,0,762
13,3,0,828
14,0,0,826
15,4,0,771
16,1,0,1265
17,4,0,1781
18,5,0,765
19,2,0,1339
20,2,0,163
21,2,0,187
22,4,1,347
23,3,0,157
0,1,0,249
1,2,0,170
2,5,0,355
3,5,0,345
4,2,0,192
5,2,0,241
6,1,0,195
7,2,0,1197
8,1,0,1219
9,5,0,383
10,2,1,580
11,4,1,582
12,6,0,743
13,4,0,820
14,5,0,707
15,1,0,822
16,4,0,1751
17,1,0,1266
18,4,0,1801
19,4,0,1794
20,1,0,186
21,3,0,191
22,4,0,193
23,2,0,230
0,6,0,337
1,5,0,398
2,3,0,243
3,1,0,155
4,3,0,217
5,0,0,200
6,0,0,184
7,4,0,1207
8,4,0,1206
9,2,0,1222
10,6,0,705
11,5,0,712
12,3,0,808
13,0,0,835
14,4,0,841
15,5,0,729
16,3,0,1349
17,4,0,1751
18,4,0,1807
19,0,0,1285
20,0,0,221
21,4,0,694
22,1,1,258
23,4,0,214
0,5,0,376
1,4,0,199
2,2,0,228
3,6,0,331
4,2,0,247
5,2,0,192
6,1,0,244
7,1,0,1227
8,4,0,1203
9,2,0,1196
10,1,0,763
11,0,0,797
12,4,0,804
13,5,0,728
14,6,0,746
15,3,0,812
16,4,0,1768
17,3,0,1340
18,2,0,1258
19,6,0,336
20,3,0,241
21,2,0,201
22,0,0,206
23,3,0,237
0,6,0,327
1,4,0,185
2,2,0,213
3,4,0,167
4,6,0,388
5,1,0,184
6,2,0,217
7,3,0,1227
8,2,0,1188
9,4,0,1239
10,0,0,757
11,2,0,837
12,3,0,829
13,1,0,833
14,5,0,714
15,0,0,756
16,1,0,1266
17,2,1,335
18,4,0,1835
19,6,0,363
20,4,0,661
21,3,0,231
22,4,0,205
23,0,0,195
0,4,0,196
1,3,0,228
2,5,0,315
3,2,0,218
4,6,0,301
5,2,0,241
6,4,0,203
7,1,0,1176
8,2,0,1180
9,5,0,340
10,4,0,785
11,6,0,746
12,3,0,792
13,5,0,764
14,4,0,799
15,5,0,792
16,2,0,1250
17,6,0,771
18,3,0,1306
19,4,0,1765
20,0,0,177
21,3,0,235
22,0,0,231
23,5,0,321
0,1,0,190
1,3,0,225
2,5,0,318
3,0,0,238
4,2,0,199
5,2,0,208
6,1,0,218
7,3,0,1183
8,3,0,1188
9,3,1,323
10,5,0,706
11,6,0,751
12,6,0,759
13,1,0,801
14,3,0,828
15,5,0,723
16,2,0,1275
17,0,0,1339
18,5,0,789
19,6,0,309
20,6,0,316
21,2,0,227
22,2,0,151
23,0,0,226
0,2,0,176
1,1,0,222
2,0,0,220
3,2,0,197
4,4,0,223
5,5,0,308
6,2,0,235
7,1,0,1172
8,3,0,1220
9,2,0,1222
10,6,0,726
11,6,0,787
12,6,0,792
13,3,0,830
14,6,0,783
15,4,0,820
16,2,0,1292
17,6,0,706
18,0,0,1341
19,3,0,1332
20,4,0,712
21,0,1,333
22,0,1,293
23,0,0,188
0,0,0,189
1,2,0,156
2,6,0,369
3,5,0,324
4,2,0,208
5,2,0,162
6,4,0,235
7,4,0,1230
8,6,0,385
9,5,0,397
10,4,0,811
11,6,0,707
12,6,0,744
13,1,0,767
14,5,0,787
15,4,0,809
16,5,0,759
17,2,0,1251
18,2,0,1315
19,5,1,340
20,1,0,163
21,1,0,197
22,5,0,355
23,4,0,161
0,3,0,245
1,1,0,241
2,0,0,204
3,2,0,177
4,5,0,388
5,0,0,153
6,5,0,389
7,6,0,335
8,2,0,1199
9,2,0,1152
10,1,0,750
11,1,0,766
12,0,0,820
13,6,0,761
14,5,0,747
15,6,0,761
16,2,0,1318
17,0,0,1268
18,3,0,1283
19,0,0,1348
20,4,0,698
21,0,0,229
22,6,0,346
23,4,0,240
0,4,0,199
1,4,0,238
2,3,0,175
3,0,0,205
4,6,0,377
5,0,0,163
6,3,0,227
7,2,0,1174
8,1,1,349
9,6,0,303
10,6,0,778
11,0,0,781
12,1,0,831
13,5,0,777
14,5,0,764
15,3,0,810
16,5,0,719
17,6,0,773
18,5,0,709
19,2,0,1337
20,2,0,183
21,2,0,210
22,5,0,391
23,3,0,176
0,4,0,189
1,4,0,214
2,1,0,182
3,4,1,317
4,4,0,220
5,2,0,158
6,2,0,165
7,5,0,304
8,1,0,1247
9,0,0,1172
10,6,0,742
11,1,0,838
12,1,0,806
13,3,0,800
14,5,0,712
15,3,0,773
16,1,0,1260
17,1,0,1301
18,1,0,1266
19,4,0,1786
20,6,0,312
21,6,0,361
22,3,1,340
23,1,0,233
0,6,0,396
1,2,0,245
2,6,0,307
3,5,0,355
4,5,0,392
5,6,0,382
6,2,0,219
7,5,0,343
8,4,0,1209
9,6,0,340
10,4,0,770
11,6,0,785
12,0,0,791
13,0,0,823
14,0,0,823
15,5,0,728
16,4,0,1829
17,4,0,1814
18,4,0,1766
19,2,0,1279
20,4,0,675
21,2,0,202
22,0,0,168
23,0,0,202
0,5,0,384
1,6,0,316
2,0,0,195
3,6,0,384
4,6,0,352
5,5,0,363
6,1,0,194
7,1,0,1198
8,3,0,1168
9,5,0,370
10,3,0,830
11,3,0,814
12,1,0,786
13,5,0,769
14,1,0,775
15,3,0,751
16,5,0,758
17,3,0,1345
18,4,0,1754
19,6,0,336
20,5,0,330
21,5,0,375
22,6,0,398
23,3,0,243
0,4,0,197
1,2,0,155
2,6,0,314
3,1,0,164
4,3,0,210
5,6,0,315
6,6,0,319
7,5,0,376
8,1,0,1193
9,1,0,1191
10,1,0,795
11,6,0,794
12,2,0,783
13,0,0,813
14,3,0,778
15,0,0,752
16,6,0,708
17,0,0,1324
18,6,0,774
19,0,0,1274
20,1,0,235
21,4,0,691
22,1,0,195
23,1,0,222
0,5,0,383
1,5,0,358
2,0,0,170
3,6,0,373
4,1,0,171
5,0,0,178
6,5,0,362
7,4,0,1222
8,3,0,1210
9,0,0,1213
10,4,0,818
11,3,0,789
12,2,0,824
13,0,0,750
14,0,0,814
15,2,0,811
16,2,0,1303
17,0,0,1309
18,2,0,1295
19,1,0,1254
20,3,0,171
21,3,0,239
22,3,0,202
23,1,0,219
0,6,0,331
1,2,0,160
2,4,0,159
3,2,0,188
4,0,0,247
5,5,1,280
6,3,0,161
7,2,0,1229
8,4,1,287
9,0,0,1216
10,1,0,815
11,6,0,751
12,1,0,754
13,4,0,760
14,0,0,774
15,3,0,784
16,2,0,1284
17,0,0,1271
18,6,0,736
19,1,0,1335
20,6,0,354
21,6,0,374
22,4,0,245
23,4,0,248
0,2,0,244
1,4,0,221
2,4,0,213
3,0,0,169
4,3,0,247
5,2,0,153
6,0,0,167
7,3,0,1200
8,6,0,367
9,0,0,1169
10,5,0,708
11,0,0,829
12,4,0,775
13,3,0,774
14,2,0,817
15,2,0,790
16,3,0,1308
17,4,0,1794
18,1,0,1290
19,0,0,1287
20,4,0,668
21,5,0,313
22,6,0,320
23,3,0,164
0,0,0,152
1,2,0,186
2,6,1,295
3,1,0,165
4,5,0,313
5,2,0,158
6,3,0,156
7,0,0,1163
8,3,0,1155
9,6,0,384
10,0,0,764
11,4,0,801
12,1,0,821
13,4,0,783
14,4,0,750
15,3,0,845
16,6,0,768
17,1,0,1343
18,0,0,1335
19,0,0,1269
20,5,0,379
21,2,0,156
22,5,0,306
23,5,0,349
0,0,0,151
1,3,0,196
2,4,0,163
3,6,0,330
4,4,0,199
5,4,0,210
6,1,0,190
7,0,0,1163
8,6,0,304
9,3,0,1224
10,1,0,754
11,2,0,813
12,3,0,778
13,5,0,774
14,3,0,754
15,3,0,845
16,4,0,1785
17,3,0,1328
18,5,0,718
19,5,0,363
20,0,0,171
21,3,0,183
22,4,0,205
23,3,0,166
0,2,0,225
1,2,0,238
2,4,0,205
3,0,0,166
4,0,0,223
5,5,0,391
6,5,0,381
7,1,0,1167
8,4,0,1194
9,3,0,1245
10,6,0,777
11,4,0,805
12,1,0,829
13,5,0,749
14,4,0,807
15,4,0,767
16,5,0,779
17,1,0,1330
18,5,0,706
19,0,0,1325
20,3,0,247
21,5,0,309
22,1,0,218
23,2,0,234
0,0,0,152
1,2,0,232
2,6,0,343
3,5,0,398
4,0,0,219
5,3,0,163
6,5,0,303
7,3,0,1167
8,4,0,1242
9,2,0,1248
10,0,0,801
11,3,0,787
12,1,0,829
13,3,0,769
14,1,0,837
15,5,0,798
16,0,0,1293
17,3,0,1300
18,6,0,718
19,3,0,1317
20,6,0,396
21,0,0,215
22,3,1,262
23,1,0,211
0,3,0,210
1,2,0,179
2,5,0,397
3,4,0,179
4,1,0,200
5,2,0,237
6,6,0,347
7,5,0,332
8,0,0,1223
9,1,0,1231
10,4,0,768
11,5,0,770
12,6,0,756
13,4,0,768
14,0,0,837
15,0,0,828
16,6,0,740
17,1,0,1291
18,6,0,786
19,3,0,1301
20,0,0,153
21,5,0,303
22,3,0,154
23,2,0,190
0,4,0,236
1,3,0,210
2,4,0,224
3,6,0,354
4,3,0,224
5,6,0,312
6,2,0,163
7,0,0,1209
8,2,0,1221
9,0,0,1174
10,6,0,781
11,0,0,793
12,4,0,831
13,5,0,709
14,2,0,820
15,3,0,799
16,2,0,1293
17,4,0,1763
18,0,0,1264
19,4,0,1765
20,1,0,151
21,1,1,279
22,3,0,179
23,4,0,231
0,6,0,330
1,3,0,226
2,6,0,319
3,3,0,198
4,1,0,184
5,3,0,172
6,1,0,246
7,0,0,1248
8,6,0,399
9,4,0,1210
10,3,0,833
11,1,0,804
12,2,0,816
13,6,0,707
14,3,0,789
15,5,0,758
16,0,0,1281
17,0,0,1342
18,2,0,1256
19,1,0,1251
20,3,0,234
21,6,0,305
22,1,0,241
23,0,0,185
0,1,0,181
1,0,0,194
2,1,0,191
3,2,0,202
4,4,0,158
5,2,1,324
6,2,1,336
7,4,0,1224
8,4,0,1198
9,3,0,1151
10,6,0,766
11,6,0,710
12,3,0,799
13,2,0,784
14,2,0,764
15,0,0,824
16,0,0,1280
17,6,0,791
18,3,0,1311
19,5,0,327
20,5,0,395
21,3,0,174
22,0,0,233
23,6,0,391
0,6,0,324
1,0,0,224
2,5,0,382
3,1,0,241
4,1,0,150
5,0,0,208
6,1,0,218
7,4,0,1223
8,3,0,1191
9,3,0,1183
10,0,0,849
11,2,0,815
12,5,0,717
13,0,0,826
14,1,0,754
15,5,0,719
16,2,0,1315
17,1,0,1324
18,6,0,761
19,4,0,1843
20,1,0,245
21,4,0,681
22,5,0,357
23,4,0,199
0,5,0,337
1,5,0,354
2,5,0,327
3,5,0,373
4,5,0,385
5,1,0,230
6,5,0,321
7,1,0,1192
8,5,0,382
9,4,0,1230
10,6,0,787
11,5,0,735
12,2,0,845
13,5,0,751
14,5,0,735
15,4,0,777
16,3,0,1327
17,4,0,1807
18,2,0,1285
19,3,0,1319
20,0,0,158
21,0,0,170
22,2,0,213
23,4,0,225
0,1,0,210
1,2,0,243
2,6,0,394
3,3,0,189
4,3,1,305
5,5,0,303
6,0,0,180
7,3,0,1176
8,2,0,1207
9,3,0,1174
10,2,0,818
11,1,0,819
12,5,0,704
13,0,0,840
14,3,0,757
15,2,0,758
16,4,0,1764
17,0,0,1349
18,1,0,1256
19,2,0,1345
20,6,0,371
21,6,0,314
22,5,0,336
23,5,0,382
0,1,0,188
1,1,1,255
2,5,0,382
3,3,0,206
4,3,0,241
5,2,0,230
6,4,0,168
7,2,0,1212
8,4,0,1180
9,1,0,1224
10,0,0,828
11,2,0,759
12,2,0,836
13,4,0,816
14,1,0,811
15,1,0,752
16,6,0,717
17,4,0,1774
18,1,0,1269
19,5,0,357
20,3,0,242
21,6,0,385
22,5,0,349
23,0,0,228
0,2,0,159
1,6,0,320
2,0,0,178
3,2,0,245
4,3,0,159
5,1,0,162
6,5,0,346
7,4,0,1172
8,5,0,349
9,3,0,1236
10,0,0,844
11,4,0,753
12,1,0,816
13,3,0,834
14,4,0,802
15,3,0,751
16,3,0,1317
17,1,0,1314
18,6,1,328
19,2,0,1306
20,4,0,746
21,1,0,219
22,3,0,156
23,1,0,168
0,6,0,343
1,2,0,212
2,5,0,364
3,4,0,188
4,2,0,232
5,0,0,175
6,4,0,193
7,2,0,1161
8,3,0,1171
9,4,0,1226
10,4,0,841
11,1,0,763
12,3,0,835
13,0,0,779
14,5,0,743
15,6,0,783
16,2,0,1340
17,1,0,1287
18,2,0,1308
19,0,0,1291
20,0,0,201
21,4,0,712
22,6,0,360
23,0,0,183
0,2,0,188
1,3,0,190
2,3,0,186
3,4,0,214
4,5,0,378
5,2,0,181
6,2,0,157
7,0,0,1246
